<?xml version="1.0" encoding="utf-8"?>
<ApplicationInstallerManifest>
   <DefaultInstallationDirectory>/Applications/U_of_Massachussets_Chan_Medical_School/pomBseen_2023_01_02_loop_standalone/</DefaultInstallationDirectory>
   <ApplicationName>pomBseen_2023_01_02_loop_standalone</ApplicationName>
   <ExecutableName>application/pomBseen_2023_01_02_loop_standalone.exe</ExecutableName>
   <GUID>4afb1936-4921-41b0-afde-30c517049f18</GUID>
   <ApplicationIcon>default_icon_48.png</ApplicationIcon>
   <Logo>default_logo.png</Logo>
   <Version>1.0</Version>
   <InstallationNotes>In the following directions, replace MR/v910 by the directory on the target machine where MATLAB is installed, or MR by the directory where the MATLAB Runtime is installed.

If the environment variable DYLD_LIBRARY_PATH is undefined, set it to the following string:

MR/v910/runtime/maci64:MR/v910/sys/os/maci64:MR/v910/bin/maci64

If it is defined, set it to the following:

${DYLD_LIBRARY_PATH}:MR/v910/runtime/maci64:MR/v910/sys/os/maci64:MR/v910/bin/maci64
</InstallationNotes>
   <AuthorOrganization>U of Massachussets Chan Medical School</AuthorOrganization>
   <Summary>pomBseen: An Automated Pipeline for Analysis of Fission Yeast Images</Summary>
   <WelcomePanelText>pomBseen_2023_01_02_loop_standalone 1.0
pomBseen: An Automated Pipeline for Analysis of Fission Yeast Images

An automated analysis pipeline, to measure the length and fluorescence intensity of pombe cells and their nuclei.

Makoto Ohira
makoto.ohira@umassmed.edu</WelcomePanelText>
   <MCRProducts>
      <MCRProduct>
         <ExternalProductIdentifier>35000</ExternalProductIdentifier>
      </MCRProduct>
      <MCRProduct>
         <ExternalProductIdentifier>35010</ExternalProductIdentifier>
      </MCRProduct>
      <MCRProduct>
         <ExternalProductIdentifier>35117</ExternalProductIdentifier>
      </MCRProduct>
   </MCRProducts>
</ApplicationInstallerManifest>